,KepID,Predictions,Disposition Score
0,10811496,Pred FALSE POSITIVE,0.0
1,11818800,Pred FALSE POSITIVE,0.999
2,11918099,Pred FALSE POSITIVE,0.993
3,9579641,Pred FALSE POSITIVE,0.871
7,4936180,Pred FALSE POSITIVE,0.0
8,5115978,Pred FALSE POSITIVE,
9,6867155,Pred FALSE POSITIVE,0.998
10,6526710,Pred FALSE POSITIVE,0.994
11,6599919,Pred FALSE POSITIVE,0.0
13,7031517,Pred FALSE POSITIVE,0.0
14,7380537,Pred FALSE POSITIVE,0.997
16,8018547,Pred CONFIRMED,0.966
20,9347899,Pred CONFIRMED,0.975
22,10460629,Pred FALSE POSITIVE,
24,11502218,Pred FALSE POSITIVE,0.0
26,10287723,Pred CONFIRMED,
27,11013201,Pred CONFIRMED,0.632
28,11013201,Pred FALSE POSITIVE,0.0
29,9414417,Pred CONFIRMED,0.999
30,2307199,Pred FALSE POSITIVE,0.752
31,9032900,Pred CONFIRMED,0.0
34,3554031,Pred CONFIRMED,0.0
35,10743597,Pred FALSE POSITIVE,
36,3644071,Pred FALSE POSITIVE,
37,1431122,Pred CONFIRMED,0.99
40,3447722,Pred FALSE POSITIVE,
42,8240904,Pred FALSE POSITIVE,
43,3756801,Pred CONFIRMED,
44,8313667,Pred CONFIRMED,0.996
45,10149023,Pred FALSE POSITIVE,0.0
46,9772531,Pred CONFIRMED,0.993
47,10295951,Pred FALSE POSITIVE,0.871
48,3329204,Pred CONFIRMED,0.997
49,3230491,Pred FALSE POSITIVE,
50,2162635,Pred FALSE POSITIVE,
53,6607286,Pred CONFIRMED,0.545
54,11075279,Pred FALSE POSITIVE,0.998
57,8616873,Pred FALSE POSITIVE,0.0
58,8494263,Pred CONFIRMED,0.436
60,10794087,Pred FALSE POSITIVE,
61,8813698,Pred FALSE POSITIVE,0.996
62,4074736,Pred CONFIRMED,0.909
63,4274548,Pred CONFIRMED,0.999
64,11336883,Pred FALSE POSITIVE,
65,11336883,Pred FALSE POSITIVE,
68,4760746,Pred FALSE POSITIVE,0.0
70,3962440,Pred CONFIRMED,
71,3534076,Pred FALSE POSITIVE,
72,4466677,Pred CONFIRMED,0.999
73,4466677,Pred FALSE POSITIVE,0.754
75,6620003,Pred FALSE POSITIVE,0.0
76,7363829,Pred FALSE POSITIVE,
79,11342550,Pred CONFIRMED,
81,10867062,Pred FALSE POSITIVE,0.998
82,8046659,Pred FALSE POSITIVE,0.0
83,7841925,Pred FALSE POSITIVE,0.944
85,7287683,Pred CONFIRMED,0.855
86,8266276,Pred CONFIRMED,0.809
87,8396405,Pred CONFIRMED,0.938
88,7199906,Pred FALSE POSITIVE,
89,9017682,Pred CONFIRMED,0.988
90,10749128,Pred FALSE POSITIVE,
92,10153011,Pred FALSE POSITIVE,0.0
95,10028792,Pred CONFIRMED,0.952
96,11153121,Pred FALSE POSITIVE,
98,5299459,Pred FALSE POSITIVE,
99,4471747,Pred CONFIRMED,0.996
101,4830605,Pred CONFIRMED,0.985
102,12120943,Pred CONFIRMED,0.978
103,7768451,Pred CONFIRMED,0.99
104,9932970,Pred FALSE POSITIVE,0.0
105,4932442,Pred FALSE POSITIVE,
107,11702948,Pred FALSE POSITIVE,0.0
108,9512981,Pred CONFIRMED,0.998
109,5526717,Pred FALSE POSITIVE,
111,9872292,Pred CONFIRMED,0.924
112,5542466,Pred CONFIRMED,0.998
113,4178389,Pred FALSE POSITIVE,0.0
114,5542466,Pred CONFIRMED,0.996
116,5972334,Pred CONFIRMED,0.998
117,7811397,Pred CONFIRMED,0.922
118,5475431,Pred FALSE POSITIVE,0.733
120,7512982,Pred FALSE POSITIVE,0.977
122,8053552,Pred FALSE POSITIVE,0.0
124,7984047,Pred CONFIRMED,0.939
128,11253711,Pred CONFIRMED,0.991
129,9111849,Pred FALSE POSITIVE,0.994
131,5080636,Pred FALSE POSITIVE,0.974
133,11570749,Pred CONFIRMED,0.999
134,9411166,Pred FALSE POSITIVE,
136,8160953,Pred FALSE POSITIVE,
137,10158418,Pred CONFIRMED,0.999
139,2449431,Pred CONFIRMED,0.936
141,10602291,Pred FALSE POSITIVE,0.0
145,10005788,Pred FALSE POSITIVE,
146,10656508,Pred CONFIRMED,0.998
147,11656918,Pred FALSE POSITIVE,
150,4851530,Pred CONFIRMED,0.011
151,4851530,Pred CONFIRMED,0.989
153,11030475,Pred FALSE POSITIVE,0.992
154,7033233,Pred FALSE POSITIVE,
155,8261920,Pred CONFIRMED,0.973
156,6119141,Pred CONFIRMED,0.056
157,3734418,Pred FALSE POSITIVE,
158,9654875,Pred FALSE POSITIVE,0.036
160,10518424,Pred FALSE POSITIVE,
161,5730445,Pred CONFIRMED,0.975
162,5602588,Pred FALSE POSITIVE,
163,5385304,Pred FALSE POSITIVE,0.984
164,11462341,Pred CONFIRMED,0.992
165,11073656,Pred CONFIRMED,0.999
167,7449554,Pred CONFIRMED,0.999
168,3440978,Pred FALSE POSITIVE,0.997
169,9532710,Pred FALSE POSITIVE,0.305
171,6934986,Pred CONFIRMED,0.97
172,4049901,Pred CONFIRMED,0.961
173,10798331,Pred CONFIRMED,0.99
174,9334893,Pred CONFIRMED,0.9
175,9289704,Pred FALSE POSITIVE,0.987
176,8892157,Pred FALSE POSITIVE,
178,4247991,Pred FALSE POSITIVE,
179,4247991,Pred FALSE POSITIVE,
180,10026544,Pred FALSE POSITIVE,
181,2853780,Pred CONFIRMED,0.881
182,6185476,Pred CONFIRMED,
183,8804455,Pred CONFIRMED,0.898
184,5546761,Pred FALSE POSITIVE,
185,8872048,Pred FALSE POSITIVE,
187,6525946,Pred FALSE POSITIVE,0.999
188,6041734,Pred FALSE POSITIVE,
189,11030475,Pred FALSE POSITIVE,
190,11030475,Pred FALSE POSITIVE,0.99
191,9006186,Pred FALSE POSITIVE,0.993
192,10471621,Pred FALSE POSITIVE,0.582
193,10471621,Pred CONFIRMED,0.988
195,4670217,Pred CONFIRMED,0.999
196,9574179,Pred CONFIRMED,0.993
197,11391755,Pred CONFIRMED,0.651
198,11391755,Pred FALSE POSITIVE,
199,9088780,Pred FALSE POSITIVE,
201,8247770,Pred CONFIRMED,0.427
204,8838950,Pred CONFIRMED,0.911
207,2437505,Pred FALSE POSITIVE,0.0
208,8836888,Pred CONFIRMED,0.294
209,8636539,Pred CONFIRMED,0.99
212,7294743,Pred CONFIRMED,0.992
213,6765135,Pred CONFIRMED,0.994
214,5342061,Pred FALSE POSITIVE,0.989
216,6516185,Pred FALSE POSITIVE,0.989
218,5906426,Pred CONFIRMED,0.893
220,2443393,Pred CONFIRMED,0.884
221,9019191,Pred FALSE POSITIVE,0.742
222,3002478,Pred CONFIRMED,0.999
224,4172746,Pred CONFIRMED,0.996
226,12254688,Pred FALSE POSITIVE,0.015
228,1996180,Pred FALSE POSITIVE,0.922
229,2305866,Pred CONFIRMED,0.966
230,9712350,Pred CONFIRMED,0.989
233,10336951,Pred CONFIRMED,0.996
234,8240617,Pred FALSE POSITIVE,
236,11361283,Pred CONFIRMED,0.997
237,6364215,Pred FALSE POSITIVE,0.972
238,6467363,Pred CONFIRMED,0.995
240,10073672,Pred CONFIRMED,0.93
241,6842807,Pred FALSE POSITIVE,0.937
242,9815053,Pred CONFIRMED,0.994
246,12602314,Pred FALSE POSITIVE,0.992
247,5787131,Pred CONFIRMED,0.988
249,4547603,Pred CONFIRMED,0.963
250,5716763,Pred FALSE POSITIVE,0.0
251,12416987,Pred FALSE POSITIVE,0.0
252,8259713,Pred CONFIRMED,0.999
256,6679295,Pred CONFIRMED,0.993
257,6026737,Pred CONFIRMED,0.934
258,4935172,Pred FALSE POSITIVE,0.785
259,8760040,Pred CONFIRMED,0.913
262,4385148,Pred CONFIRMED,0.954
263,4367854,Pred CONFIRMED,0.276
265,7466270,Pred CONFIRMED,0.782
267,5642620,Pred CONFIRMED,0.0
268,8873090,Pred CONFIRMED,0.999
269,9958387,Pred FALSE POSITIVE,0.999
271,6716021,Pred FALSE POSITIVE,0.984
272,8326342,Pred FALSE POSITIVE,0.0
273,4831728,Pred FALSE POSITIVE,0.899
274,4249611,Pred CONFIRMED,0.983
276,4939533,Pred CONFIRMED,0.985
277,4846856,Pred CONFIRMED,0.977
280,3663173,Pred CONFIRMED,0.606
281,9109857,Pred FALSE POSITIVE,0.961
282,6716545,Pred FALSE POSITIVE,0.804
284,11071200,Pred CONFIRMED,0.996
285,11071200,Pred CONFIRMED,0.992
286,8703129,Pred FALSE POSITIVE,0.977
287,6837283,Pred CONFIRMED,0.988
288,5613821,Pred CONFIRMED,0.999
291,10190075,Pred CONFIRMED,0.946
292,10749059,Pred CONFIRMED,0.994
294,6029239,Pred FALSE POSITIVE,0.786
295,3545478,Pred FALSE POSITIVE,0.953
296,11565544,Pred FALSE POSITIVE,0.998
297,12072872,Pred FALSE POSITIVE,0.98
299,12168993,Pred FALSE POSITIVE,0.999
303,5903749,Pred FALSE POSITIVE,0.985
305,8581240,Pred CONFIRMED,0.986
306,8684730,Pred CONFIRMED,0.998
308,6949898,Pred CONFIRMED,0.991
310,7022573,Pred FALSE POSITIVE,0.761
311,9288237,Pred CONFIRMED,0.988
312,6593150,Pred CONFIRMED,0.998
313,6523351,Pred CONFIRMED,0.976
314,5551672,Pred CONFIRMED,0.013
315,8197793,Pred CONFIRMED,0.998
316,6357290,Pred FALSE POSITIVE,0.882
317,4072955,Pred CONFIRMED,0.98
318,8695311,Pred CONFIRMED,0.998
320,7609674,Pred CONFIRMED,0.951
322,5475042,Pred FALSE POSITIVE,0.892
323,9541295,Pred FALSE POSITIVE,0.0
325,8949925,Pred CONFIRMED,0.984
326,9959492,Pred FALSE POSITIVE,
327,8827575,Pred CONFIRMED,0.977
328,6438099,Pred CONFIRMED,0.989
329,3752110,Pred CONFIRMED,0.962
330,1717722,Pred FALSE POSITIVE,0.858
331,5040077,Pred FALSE POSITIVE,0.999
332,7918652,Pred CONFIRMED,0.989
333,9230021,Pred FALSE POSITIVE,0.508
334,3230805,Pred CONFIRMED,0.992
336,4770617,Pred CONFIRMED,0.972
337,7609553,Pred CONFIRMED,0.917
338,11395587,Pred CONFIRMED,0.983
339,8509442,Pred CONFIRMED,0.9
340,3219643,Pred CONFIRMED,0.0
341,8546542,Pred CONFIRMED,0.994
342,8613535,Pred CONFIRMED,0.552
343,10122538,Pred CONFIRMED,0.889
345,12256520,Pred CONFIRMED,0.983
346,12785320,Pred CONFIRMED,0.915
348,6677841,Pred FALSE POSITIVE,0.94
349,7106173,Pred CONFIRMED,0.963
350,7106173,Pred FALSE POSITIVE,0.979
351,7106173,Pred FALSE POSITIVE,0.673
353,9214713,Pred FALSE POSITIVE,0.0
354,9334893,Pred FALSE POSITIVE,0.425
355,9119458,Pred CONFIRMED,0.0
356,12406807,Pred FALSE POSITIVE,0.879
357,4548011,Pred CONFIRMED,0.676
360,7429287,Pred FALSE POSITIVE,0.971
361,10717241,Pred FALSE POSITIVE,0.998
362,7303287,Pred FALSE POSITIVE,0.343
363,8121310,Pred CONFIRMED,0.812
364,11709124,Pred CONFIRMED,
365,11805075,Pred FALSE POSITIVE,0.804
366,11824222,Pred FALSE POSITIVE,0.0
367,6268648,Pred CONFIRMED,0.991
368,8212002,Pred CONFIRMED,0.498
369,7017274,Pred CONFIRMED,0.57
370,12366084,Pred FALSE POSITIVE,0.866
371,9872283,Pred FALSE POSITIVE,0.974
372,4951877,Pred CONFIRMED,0.998
373,5544450,Pred CONFIRMED,0.995
374,8226050,Pred FALSE POSITIVE,0.949
375,6779260,Pred FALSE POSITIVE,0.976
378,10793172,Pred FALSE POSITIVE,0.949
379,10285631,Pred FALSE POSITIVE,0.881
380,7504328,Pred FALSE POSITIVE,0.933
382,10157458,Pred FALSE POSITIVE,0.819
383,8261920,Pred FALSE POSITIVE,0.69
384,6716545,Pred FALSE POSITIVE,0.867
385,1723078,Pred FALSE POSITIVE,0.246
386,9008220,Pred FALSE POSITIVE,0.0
387,9955262,Pred CONFIRMED,0.0
388,7906892,Pred FALSE POSITIVE,0.989
389,8320630,Pred FALSE POSITIVE,0.862
391,6289650,Pred CONFIRMED,0.999
392,11135694,Pred FALSE POSITIVE,0.966
393,8216763,Pred FALSE POSITIVE,0.998
394,6879865,Pred FALSE POSITIVE,0.0
395,3758499,Pred CONFIRMED,0.553
396,9552608,Pred FALSE POSITIVE,0.0
398,2299738,Pred FALSE POSITIVE,0.901
399,7619236,Pred CONFIRMED,
402,7906882,Pred CONFIRMED,0.952
404,2302997,Pred FALSE POSITIVE,0.957
405,8505215,Pred FALSE POSITIVE,
406,10265898,Pred FALSE POSITIVE,0.966
407,12600735,Pred FALSE POSITIVE,0.813
408,10272442,Pred CONFIRMED,0.974
411,10843431,Pred CONFIRMED,0.529
413,5596440,Pred FALSE POSITIVE,0.0
414,9588822,Pred FALSE POSITIVE,0.998
415,10610039,Pred FALSE POSITIVE,0.952
416,1025986,Pred FALSE POSITIVE,0.0
417,11284772,Pred FALSE POSITIVE,0.977
418,4832837,Pred FALSE POSITIVE,0.917
420,10972902,Pred FALSE POSITIVE,0.675
422,9413156,Pred FALSE POSITIVE,0.573
424,2696205,Pred FALSE POSITIVE,0.987
425,12251650,Pred FALSE POSITIVE,0.0
427,2834805,Pred CONFIRMED,0.76
428,2569995,Pred FALSE POSITIVE,0.0
429,2577353,Pred FALSE POSITIVE,0.872
430,4478168,Pred CONFIRMED,0.994
431,7256914,Pred FALSE POSITIVE,0.982
432,7256914,Pred CONFIRMED,0.972
433,6871071,Pred CONFIRMED,0.895
434,3112129,Pred FALSE POSITIVE,0.999
436,6871071,Pred CONFIRMED,
437,10875007,Pred CONFIRMED,0.961
438,10875007,Pred CONFIRMED,0.994
439,7021681,Pred FALSE POSITIVE,0.997
440,11967788,Pred CONFIRMED,0.848
441,7199060,Pred FALSE POSITIVE,0.969
442,11967788,Pred FALSE POSITIVE,0.994
443,7733731,Pred CONFIRMED,0.999
444,3110177,Pred FALSE POSITIVE,0.988
445,3232249,Pred FALSE POSITIVE,0.967
447,8282651,Pred CONFIRMED,
448,5688683,Pred FALSE POSITIVE,0.0
449,8222627,Pred FALSE POSITIVE,0.993
450,2984990,Pred FALSE POSITIVE,0.979
451,7758018,Pred FALSE POSITIVE,
452,8264402,Pred CONFIRMED,0.964
453,3129238,Pred FALSE POSITIVE,0.998
454,7907808,Pred FALSE POSITIVE,0.999
455,9700449,Pred CONFIRMED,0.965
457,3852872,Pred FALSE POSITIVE,0.775
458,9086154,Pred CONFIRMED,0.901
461,10534155,Pred FALSE POSITIVE,0.994
462,10397751,Pred CONFIRMED,0.956
464,3450040,Pred FALSE POSITIVE,0.986
466,5129453,Pred CONFIRMED,0.999
468,9509343,Pred CONFIRMED,0.95
469,7673841,Pred FALSE POSITIVE,0.953
470,11968463,Pred CONFIRMED,0.638
471,5436161,Pred FALSE POSITIVE,
473,2859893,Pred FALSE POSITIVE,
474,6026737,Pred FALSE POSITIVE,0.757
476,9836563,Pred CONFIRMED,0.978
479,12016267,Pred CONFIRMED,0.536
481,8240790,Pred FALSE POSITIVE,
482,4548011,Pred CONFIRMED,0.954
483,7191646,Pred CONFIRMED,0.948
484,7801070,Pred CONFIRMED,0.974
485,4172805,Pred CONFIRMED,0.969
486,5126182,Pred CONFIRMED,0.912
487,8949925,Pred CONFIRMED,0.383
488,9642018,Pred CONFIRMED,0.0
489,7661893,Pred CONFIRMED,0.992
490,9776794,Pred FALSE POSITIVE,0.999
491,7673192,Pred FALSE POSITIVE,0.887
492,11124436,Pred CONFIRMED,0.97
493,5780855,Pred FALSE POSITIVE,0.988
494,9491832,Pred CONFIRMED,0.998
495,2852941,Pred FALSE POSITIVE,0.854
496,10647452,Pred FALSE POSITIVE,0.953
497,4773392,Pred CONFIRMED,0.971
498,9936080,Pred CONFIRMED,0.998
499,6290935,Pred CONFIRMED,0.99
500,12734396,Pred CONFIRMED,0.0
501,8278685,Pred CONFIRMED,0.999
502,6103377,Pred FALSE POSITIVE,0.981
503,3660581,Pred FALSE POSITIVE,0.984
504,10794974,Pred CONFIRMED,0.997
505,3558849,Pred CONFIRMED,0.298
506,5175024,Pred FALSE POSITIVE,0.98
508,4945764,Pred CONFIRMED,0.926
509,9834731,Pred FALSE POSITIVE,
510,9514372,Pred CONFIRMED,0.996
511,3762750,Pred FALSE POSITIVE,0.77
512,9886361,Pred CONFIRMED,0.848
513,12737015,Pred CONFIRMED,0.965
514,8482059,Pred FALSE POSITIVE,
515,9286088,Pred CONFIRMED,0.938
516,6937529,Pred FALSE POSITIVE,
518,7119481,Pred FALSE POSITIVE,0.964
520,2997459,Pred CONFIRMED,0.571
522,5881813,Pred FALSE POSITIVE,0.579
523,9202434,Pred FALSE POSITIVE,
524,7901016,Pred CONFIRMED,0.7
525,5385410,Pred CONFIRMED,0.91
526,7749002,Pred FALSE POSITIVE,0.868
527,3848083,Pred FALSE POSITIVE,0.999
528,6359926,Pred CONFIRMED,0.99
529,8324518,Pred FALSE POSITIVE,0.936
530,3103473,Pred FALSE POSITIVE,0.528
531,5785279,Pred FALSE POSITIVE,0.885
532,9896018,Pred CONFIRMED,0.939
533,12456063,Pred CONFIRMED,0.914
534,5096053,Pred FALSE POSITIVE,0.907
535,5802637,Pred CONFIRMED,0.979
536,5531694,Pred FALSE POSITIVE,0.935
537,7107802,Pred FALSE POSITIVE,0.991
538,12509829,Pred FALSE POSITIVE,0.0
539,2576962,Pred FALSE POSITIVE,
540,10140274,Pred CONFIRMED,0.754
541,8345384,Pred CONFIRMED,0.958
542,9072639,Pred FALSE POSITIVE,0.089
543,8890924,Pred CONFIRMED,0.125
545,10745365,Pred FALSE POSITIVE,0.694
547,9716028,Pred CONFIRMED,0.999
548,6223324,Pred FALSE POSITIVE,0.972
549,9773980,Pred FALSE POSITIVE,0.965
551,4141593,Pred FALSE POSITIVE,0.651
552,7778427,Pred FALSE POSITIVE,0.898
553,6523058,Pred FALSE POSITIVE,0.98
554,11769689,Pred CONFIRMED,0.986
556,4072271,Pred FALSE POSITIVE,0.427
557,8098212,Pred FALSE POSITIVE,0.98
558,6369131,Pred FALSE POSITIVE,0.971
559,7820699,Pred FALSE POSITIVE,
560,10257229,Pred CONFIRMED,0.999
561,3539231,Pred CONFIRMED,0.98
562,6311891,Pred FALSE POSITIVE,0.944
564,10663738,Pred FALSE POSITIVE,0.965
567,5431027,Pred CONFIRMED,0.972
568,6070337,Pred FALSE POSITIVE,0.872
570,8196226,Pred FALSE POSITIVE,0.998
571,9002538,Pred CONFIRMED,0.917
572,5642688,Pred FALSE POSITIVE,0.446
574,6186182,Pred FALSE POSITIVE,0.967
576,10585749,Pred CONFIRMED,0.603
579,9457728,Pred FALSE POSITIVE,0.985
580,2303903,Pred CONFIRMED,0.8
581,9278216,Pred FALSE POSITIVE,0.998
582,8355131,Pred FALSE POSITIVE,0.894
584,4844367,Pred FALSE POSITIVE,0.983
586,8332521,Pred FALSE POSITIVE,0.988
587,4060229,Pred CONFIRMED,0.996
590,6520753,Pred FALSE POSITIVE,0.995
591,9893468,Pred FALSE POSITIVE,0.831
593,1721157,Pred FALSE POSITIVE,0.97
594,9947653,Pred CONFIRMED,0.986
595,9002538,Pred CONFIRMED,0.983
596,5253802,Pred CONFIRMED,0.817
598,6264750,Pred FALSE POSITIVE,0.844
599,11290515,Pred CONFIRMED,0.96
600,6520753,Pred FALSE POSITIVE,0.809
601,8493354,Pred CONFIRMED,0.988
602,5457326,Pred CONFIRMED,0.686
603,10610039,Pred FALSE POSITIVE,0.695
604,8628761,Pred FALSE POSITIVE,0.993
605,4750669,Pred FALSE POSITIVE,0.842
606,6717252,Pred FALSE POSITIVE,0.97
607,4902202,Pred CONFIRMED,0.405
608,11350118,Pred CONFIRMED,0.942
610,7905106,Pred FALSE POSITIVE,0.828
611,9007151,Pred FALSE POSITIVE,
612,4450844,Pred CONFIRMED,0.999
613,11181260,Pred CONFIRMED,0.939
614,2558163,Pred FALSE POSITIVE,0.961
616,8752940,Pred FALSE POSITIVE,0.835
617,4384909,Pred FALSE POSITIVE,0.655
618,11506654,Pred CONFIRMED,0.752
619,5687700,Pred FALSE POSITIVE,0.936
621,6527078,Pred CONFIRMED,0.521
622,10120548,Pred FALSE POSITIVE,0.851
623,4474462,Pred CONFIRMED,0.886
624,4141593,Pred CONFIRMED,0.791
625,10003058,Pred CONFIRMED,0.898
626,9031703,Pred CONFIRMED,0.949
627,12204137,Pred FALSE POSITIVE,0.817
628,5389956,Pred FALSE POSITIVE,0.98
629,10662202,Pred FALSE POSITIVE,0.915
630,3934657,Pred FALSE POSITIVE,0.904
631,7515336,Pred FALSE POSITIVE,0.995
632,3557560,Pred FALSE POSITIVE,0.962
633,12109267,Pred CONFIRMED,0.8
634,8700895,Pred FALSE POSITIVE,0.878
635,5003670,Pred FALSE POSITIVE,0.607
636,12265786,Pred FALSE POSITIVE,0.996
637,10873178,Pred FALSE POSITIVE,0.955
639,8359569,Pred FALSE POSITIVE,0.882
640,9837828,Pred FALSE POSITIVE,
641,4857058,Pred FALSE POSITIVE,0.129
642,9947389,Pred FALSE POSITIVE,0.972
643,3765917,Pred CONFIRMED,0.924
644,7833305,Pred FALSE POSITIVE,0.996
645,12647577,Pred CONFIRMED,0.999
646,4252671,Pred CONFIRMED,0.95
647,11153476,Pred FALSE POSITIVE,0.999
648,6144039,Pred CONFIRMED,0.961
650,6839010,Pred FALSE POSITIVE,0.987
651,9775385,Pred FALSE POSITIVE,
652,6197344,Pred FALSE POSITIVE,0.926
653,11357664,Pred CONFIRMED,0.949
654,7272132,Pred CONFIRMED,0.985
655,8430053,Pred FALSE POSITIVE,0.997
656,12458605,Pred CONFIRMED,0.964
657,4953173,Pred FALSE POSITIVE,
658,5352640,Pred CONFIRMED,0.984
659,4048898,Pred FALSE POSITIVE,0.967
660,4587135,Pred CONFIRMED,0.767
661,5511659,Pred CONFIRMED,0.967
662,7583650,Pred CONFIRMED,0.999
663,3867794,Pred FALSE POSITIVE,0.815
664,5819801,Pred CONFIRMED,0.506
665,6276791,Pred CONFIRMED,0.999
666,10140122,Pred FALSE POSITIVE,0.619
669,8803757,Pred FALSE POSITIVE,0.995
671,5437762,Pred FALSE POSITIVE,0.965
672,4996057,Pred CONFIRMED,0.794
673,8349399,Pred CONFIRMED,0.903
674,6043562,Pred FALSE POSITIVE,0.961
676,5645170,Pred FALSE POSITIVE,0.989
677,8216763,Pred FALSE POSITIVE,0.965
678,9110610,Pred FALSE POSITIVE,0.753
679,5208962,Pred FALSE POSITIVE,0.969
680,4742188,Pred FALSE POSITIVE,0.255
682,10221505,Pred CONFIRMED,0.957
683,11658036,Pred FALSE POSITIVE,0.919
684,8397947,Pred CONFIRMED,0.866
685,6665860,Pred CONFIRMED,0.981
686,5769810,Pred FALSE POSITIVE,0.798
689,3109550,Pred FALSE POSITIVE,0.867
690,6131130,Pred FALSE POSITIVE,0.964
691,4742452,Pred FALSE POSITIVE,0.937
692,7906892,Pred CONFIRMED,0.52
693,4277304,Pred CONFIRMED,0.986
694,8626325,Pred CONFIRMED,0.625
695,3098605,Pred FALSE POSITIVE,0.862
696,8320630,Pred FALSE POSITIVE,0.0
697,9005321,Pred FALSE POSITIVE,
698,5563300,Pred CONFIRMED,0.988
699,12253769,Pred CONFIRMED,0.904
700,8054719,Pred FALSE POSITIVE,0.969
701,4762283,Pred FALSE POSITIVE,0.837
703,2976017,Pred FALSE POSITIVE,0.994
704,6786224,Pred FALSE POSITIVE,0.999
705,11072016,Pred FALSE POSITIVE,0.919
706,3245969,Pred CONFIRMED,
707,7902003,Pred FALSE POSITIVE,0.877
710,5612697,Pred CONFIRMED,0.819
711,8973285,Pred FALSE POSITIVE,
712,3758922,Pred FALSE POSITIVE,0.625
713,8360041,Pred FALSE POSITIVE,0.984
714,9782748,Pred CONFIRMED,0.924
715,2860656,Pred FALSE POSITIVE,0.798
716,7094944,Pred FALSE POSITIVE,0.82
717,6425597,Pred FALSE POSITIVE,0.977
718,10917433,Pred CONFIRMED,0.961
719,5091479,Pred FALSE POSITIVE,0.622
720,8874090,Pred CONFIRMED,0.955
721,8331612,Pred FALSE POSITIVE,0.556
722,8328916,Pred FALSE POSITIVE,
723,10155029,Pred FALSE POSITIVE,0.333
724,11618569,Pred FALSE POSITIVE,0.993
725,11973517,Pred FALSE POSITIVE,
726,7345248,Pred CONFIRMED,
727,6690171,Pred FALSE POSITIVE,0.0
728,5193659,Pred CONFIRMED,0.988
729,6220312,Pred FALSE POSITIVE,0.777
730,6358937,Pred CONFIRMED,0.744
731,7771181,Pred FALSE POSITIVE,0.944
732,4366323,Pred FALSE POSITIVE,0.736
733,2853029,Pred FALSE POSITIVE,0.923
735,5097856,Pred FALSE POSITIVE,0.23
736,8278073,Pred FALSE POSITIVE,0.994
737,10810859,Pred FALSE POSITIVE,0.414
738,7017274,Pred CONFIRMED,0.995
739,6767227,Pred FALSE POSITIVE,0.875
740,2986833,Pred FALSE POSITIVE,0.988
741,11853130,Pred FALSE POSITIVE,0.968
742,9345933,Pred CONFIRMED,0.865
743,11338056,Pred FALSE POSITIVE,0.973
744,10676750,Pred FALSE POSITIVE,0.78
745,9581589,Pred FALSE POSITIVE,0.987
746,11804437,Pred FALSE POSITIVE,
747,8280511,Pred CONFIRMED,0.895
748,4813793,Pred FALSE POSITIVE,0.867
749,7266212,Pred FALSE POSITIVE,0.994
750,9419020,Pred CONFIRMED,0.17
751,4270799,Pred FALSE POSITIVE,0.854
752,8811490,Pred CONFIRMED,0.998
753,8094120,Pred CONFIRMED,0.979
757,4840672,Pred FALSE POSITIVE,0.413
758,7287677,Pred FALSE POSITIVE,0.848
759,7692248,Pred FALSE POSITIVE,
760,6691169,Pred FALSE POSITIVE,0.999
761,8280511,Pred CONFIRMED,0.795
762,6520519,Pred FALSE POSITIVE,0.825
763,9459162,Pred FALSE POSITIVE,0.998
764,9969287,Pred FALSE POSITIVE,0.987
765,10747501,Pred CONFIRMED,0.983
766,10586744,Pred CONFIRMED,0.526
768,5308296,Pred FALSE POSITIVE,0.977
769,3122872,Pred CONFIRMED,0.999
770,9702945,Pred FALSE POSITIVE,
771,11401253,Pred FALSE POSITIVE,0.878
772,10549902,Pred FALSE POSITIVE,0.971
773,12416597,Pred FALSE POSITIVE,0.921
774,11135694,Pred FALSE POSITIVE,0.933
775,10065053,Pred FALSE POSITIVE,
776,10291589,Pred FALSE POSITIVE,0.964
777,10118266,Pred CONFIRMED,0.999
778,5695615,Pred FALSE POSITIVE,0.978
779,5651846,Pred CONFIRMED,0.989
780,12401132,Pred FALSE POSITIVE,0.99
781,6424561,Pred FALSE POSITIVE,0.942
782,10000162,Pred FALSE POSITIVE,
783,7949593,Pred FALSE POSITIVE,0.929
784,7098255,Pred CONFIRMED,0.976
785,4670361,Pred FALSE POSITIVE,0.381
787,8233326,Pred FALSE POSITIVE,0.864
788,4940203,Pred FALSE POSITIVE,0.987
790,10935993,Pred FALSE POSITIVE,0.999
791,5257082,Pred FALSE POSITIVE,0.955
793,5881307,Pred FALSE POSITIVE,0.708
794,4645174,Pred FALSE POSITIVE,0.997
795,6124137,Pred FALSE POSITIVE,0.991
796,11657614,Pred FALSE POSITIVE,0.903
797,5687986,Pred FALSE POSITIVE,0.318
798,11125797,Pred CONFIRMED,0.998
799,6543893,Pred FALSE POSITIVE,0.986
800,6705026,Pred CONFIRMED,0.949
803,5384713,Pred FALSE POSITIVE,0.0
804,5384713,Pred FALSE POSITIVE,0.977
805,6451368,Pred FALSE POSITIVE,0.993
807,5888187,Pred FALSE POSITIVE,0.656
808,3348216,Pred CONFIRMED,0.982
810,7047922,Pred FALSE POSITIVE,0.986
811,5894182,Pred FALSE POSITIVE,0.322
813,10290666,Pred CONFIRMED,0.985
814,3848966,Pred CONFIRMED,0.993
815,9452897,Pred CONFIRMED,0.993
816,6209677,Pred CONFIRMED,0.999
817,9664276,Pred CONFIRMED,0.992
818,7748487,Pred CONFIRMED,0.997
820,5710069,Pred CONFIRMED,0.951
821,9967009,Pred CONFIRMED,0.842
822,9967009,Pred FALSE POSITIVE,0.9
823,6200810,Pred CONFIRMED,0.969
824,3561464,Pred FALSE POSITIVE,0.994
825,4844470,Pred CONFIRMED,0.955
826,9995771,Pred CONFIRMED,0.733
827,9966219,Pred CONFIRMED,0.996
828,6231721,Pred FALSE POSITIVE,0.95
829,9536108,Pred FALSE POSITIVE,0.972
831,5460434,Pred FALSE POSITIVE,0.0
832,11922778,Pred CONFIRMED,0.864
833,2975770,Pred FALSE POSITIVE,0.0
834,7692093,Pred CONFIRMED,0.971
835,7772914,Pred CONFIRMED,0.999
836,3529290,Pred CONFIRMED,0.974
837,3529290,Pred CONFIRMED,0.999
838,6025124,Pred FALSE POSITIVE,0.0
839,5531953,Pred FALSE POSITIVE,0.944
840,6277410,Pred FALSE POSITIVE,0.851
841,9843517,Pred FALSE POSITIVE,0.996
842,8812045,Pred CONFIRMED,0.999
843,3101923,Pred CONFIRMED,0.771
844,5621333,Pred CONFIRMED,0.985
845,5621333,Pred CONFIRMED,0.937
846,3236705,Pred FALSE POSITIVE,0.864
847,2849140,Pred CONFIRMED,0.893
849,6043538,Pred FALSE POSITIVE,0.996
850,7289338,Pred FALSE POSITIVE,0.969
851,5004909,Pred CONFIRMED,0.135
852,6278670,Pred FALSE POSITIVE,0.571
853,5898983,Pred FALSE POSITIVE,0.365
854,5617259,Pred FALSE POSITIVE,0.139
855,9474756,Pred CONFIRMED,0.924
856,5308663,Pred CONFIRMED,0.776
857,6356400,Pred FALSE POSITIVE,0.74
858,5900235,Pred CONFIRMED,0.393
859,9474756,Pred FALSE POSITIVE,0.905
860,7517261,Pred FALSE POSITIVE,0.994
861,5877292,Pred FALSE POSITIVE,0.592
862,9845909,Pred FALSE POSITIVE,0.937
863,9221528,Pred CONFIRMED,0.999
864,6106046,Pred FALSE POSITIVE,0.977
865,9230021,Pred FALSE POSITIVE,0.892
866,6058816,Pred FALSE POSITIVE,0.979
868,7697103,Pred FALSE POSITIVE,0.729
869,9267996,Pred CONFIRMED,0.0
870,7093401,Pred FALSE POSITIVE,0.999
872,11547869,Pred FALSE POSITIVE,0.0
873,6525946,Pred FALSE POSITIVE,0.98
874,9973109,Pred FALSE POSITIVE,0.995
875,5966810,Pred FALSE POSITIVE,0.97
876,6863158,Pred FALSE POSITIVE,0.602
877,8308347,Pred FALSE POSITIVE,0.0
879,6525946,Pred FALSE POSITIVE,0.994
881,3128552,Pred FALSE POSITIVE,
883,8323764,Pred FALSE POSITIVE,0.0
885,4075067,Pred FALSE POSITIVE,0.0
886,12301181,Pred FALSE POSITIVE,0.691
887,6891124,Pred FALSE POSITIVE,0.974
888,9489524,Pred FALSE POSITIVE,0.863
889,7813039,Pred FALSE POSITIVE,0.0
890,6531617,Pred FALSE POSITIVE,0.323
891,4164922,Pred CONFIRMED,0.999
892,8365739,Pred FALSE POSITIVE,0.207
893,8827930,Pred FALSE POSITIVE,0.99
894,6790592,Pred FALSE POSITIVE,0.805
895,6508221,Pred CONFIRMED,0.981
896,6952971,Pred FALSE POSITIVE,0.475
897,4147444,Pred FALSE POSITIVE,0.0
898,5769943,Pred FALSE POSITIVE,0.0
899,4638237,Pred FALSE POSITIVE,0.996
900,12154526,Pred FALSE POSITIVE,0.873
903,8780959,Pred FALSE POSITIVE,0.0
904,5008501,Pred FALSE POSITIVE,0.045
905,5184709,Pred CONFIRMED,0.384
906,7778664,Pred FALSE POSITIVE,0.921
908,7834712,Pred FALSE POSITIVE,0.966
909,9574614,Pred FALSE POSITIVE,0.0
913,7134626,Pred FALSE POSITIVE,0.999
914,11246161,Pred FALSE POSITIVE,0.997
917,3764879,Pred FALSE POSITIVE,0.087
918,7601665,Pred FALSE POSITIVE,0.999
919,9149789,Pred FALSE POSITIVE,0.989
920,7051984,Pred FALSE POSITIVE,0.0
921,7613620,Pred FALSE POSITIVE,0.8
922,3345675,Pred FALSE POSITIVE,0.0
923,4947556,Pred CONFIRMED,0.0
924,7287028,Pred FALSE POSITIVE,0.465
925,8376848,Pred FALSE POSITIVE,0.964
926,7300182,Pred FALSE POSITIVE,0.923
928,7366501,Pred FALSE POSITIVE,0.802
929,7296438,Pred FALSE POSITIVE,
930,9425139,Pred CONFIRMED,0.995
931,7367164,Pred FALSE POSITIVE,0.825
932,7671950,Pred FALSE POSITIVE,0.939
933,9084778,Pred FALSE POSITIVE,0.0
934,7747103,Pred FALSE POSITIVE,0.181
935,10674871,Pred FALSE POSITIVE,0.89
936,11518201,Pred FALSE POSITIVE,0.981
938,6974658,Pred FALSE POSITIVE,0.999
940,9602613,Pred FALSE POSITIVE,0.952
941,10904004,Pred CONFIRMED,0.908
942,9605552,Pred FALSE POSITIVE,
943,2715695,Pred FALSE POSITIVE,0.976
944,5283728,Pred FALSE POSITIVE,0.999
945,5374838,Pred CONFIRMED,0.953
946,6366559,Pred FALSE POSITIVE,0.325
947,6367663,Pred FALSE POSITIVE,0.0
948,6368905,Pred FALSE POSITIVE,0.193
949,6372194,Pred FALSE POSITIVE,0.996
950,6387557,Pred FALSE POSITIVE,0.765
951,5294945,Pred FALSE POSITIVE,0.854
952,3968809,Pred FALSE POSITIVE,
953,3974928,Pred FALSE POSITIVE,
954,4063943,Pred FALSE POSITIVE,
955,4071638,Pred FALSE POSITIVE,
956,5390913,Pred FALSE POSITIVE,
957,5394585,Pred FALSE POSITIVE,
958,5425643,Pred FALSE POSITIVE,
959,5428199,Pred FALSE POSITIVE,
960,6425377,Pred FALSE POSITIVE,
961,6442735,Pred FALSE POSITIVE,
962,6443093,Pred FALSE POSITIVE,0.957
964,6697817,Pred FALSE POSITIVE,0.975
965,4135912,Pred FALSE POSITIVE,0.974
966,4150972,Pred FALSE POSITIVE,
967,5436455,Pred FALSE POSITIVE,
968,5439000,Pred FALSE POSITIVE,
969,5443320,Pred FALSE POSITIVE,0.991
970,6511182,Pred FALSE POSITIVE,0.994
971,6517064,Pred FALSE POSITIVE,
972,6517200,Pred FALSE POSITIVE,
973,6517255,Pred FALSE POSITIVE,
974,1164301,Pred FALSE POSITIVE,
975,1429589,Pred FALSE POSITIVE,
976,1865864,Pred FALSE POSITIVE,0.523
977,4164511,Pred FALSE POSITIVE,
978,4241238,Pred FALSE POSITIVE,
979,5524229,Pred FALSE POSITIVE,
980,5529385,Pred FALSE POSITIVE,
981,6543192,Pred FALSE POSITIVE,0.962
982,6594945,Pred FALSE POSITIVE,0.0
983,2019199,Pred FALSE POSITIVE,
984,2158460,Pred FALSE POSITIVE,
985,4346339,Pred FALSE POSITIVE,
986,6634112,Pred FALSE POSITIVE,0.0
987,6675757,Pred FALSE POSITIVE,0.982
988,2310993,Pred FALSE POSITIVE,0.997
989,2437653,Pred FALSE POSITIVE,
990,2555080,Pred FALSE POSITIVE,
991,4471313,Pred FALSE POSITIVE,
992,4478142,Pred FALSE POSITIVE,0.898
993,4484179,Pred FALSE POSITIVE,
994,5650930,Pred FALSE POSITIVE,
995,5697395,Pred FALSE POSITIVE,
996,6805414,Pred CONFIRMED,0.999
997,6869373,Pred FALSE POSITIVE,0.884
998,6875342,Pred FALSE POSITIVE,0.894
999,6879183,Pred CONFIRMED,0.98
1000,4566848,Pred FALSE POSITIVE,0.986
1001,5734702,Pred FALSE POSITIVE,0.0
1002,2861298,Pred FALSE POSITIVE,
1003,4737848,Pred FALSE POSITIVE,
1004,4750962,Pred FALSE POSITIVE,
1005,5793275,Pred FALSE POSITIVE,
1006,5857656,Pred CONFIRMED,
1007,5859725,Pred FALSE POSITIVE,0.973
1008,6719052,Pred FALSE POSITIVE,
1009,6721603,Pred FALSE POSITIVE,0.633
1010,6756369,Pred FALSE POSITIVE,
1011,6765563,Pred FALSE POSITIVE,
1013,2992634,Pred FALSE POSITIVE,
1014,3001955,Pred FALSE POSITIVE,
1015,3101178,Pred CONFIRMED,0.858
1016,3239171,Pred FALSE POSITIVE,0.609
1017,4761427,Pred FALSE POSITIVE,
1018,4770798,Pred FALSE POSITIVE,
1019,4813750,Pred FALSE POSITIVE,0.627
1020,4833409,Pred FALSE POSITIVE,
1021,5946568,Pred FALSE POSITIVE,0.992
1022,5954894,Pred FALSE POSITIVE,
1023,5965629,Pred FALSE POSITIVE,
1024,6934045,Pred FALSE POSITIVE,0.502
1025,6939913,Pred FALSE POSITIVE,
1026,7009548,Pred CONFIRMED,0.929
1027,3242039,Pred FALSE POSITIVE,
1028,3340165,Pred CONFIRMED,0.87
1029,3355104,Pred CONFIRMED,0.0
1030,4912650,Pred CONFIRMED,0.923
1031,4914221,Pred FALSE POSITIVE,
1032,5981058,Pred FALSE POSITIVE,0.113
1033,6021840,Pred FALSE POSITIVE,
1034,6023571,Pred FALSE POSITIVE,
1035,6025174,Pred FALSE POSITIVE,0.831
1036,3356156,Pred FALSE POSITIVE,
1037,3425363,Pred FALSE POSITIVE,
1038,3428127,Pred FALSE POSITIVE,
1039,3441795,Pred FALSE POSITIVE,
1040,4915582,Pred FALSE POSITIVE,
1041,4918303,Pred FALSE POSITIVE,0.999
1042,4940376,Pred FALSE POSITIVE,
1043,6034379,Pred FALSE POSITIVE,
1044,6034834,Pred FALSE POSITIVE,
1045,6036286,Pred FALSE POSITIVE,
1046,6038152,Pred FALSE POSITIVE,
1047,6043490,Pred FALSE POSITIVE,
1048,6045404,Pred FALSE POSITIVE,
1049,3540873,Pred FALSE POSITIVE,
1050,3548645,Pred FALSE POSITIVE,
1051,4953262,Pred FALSE POSITIVE,0.233
1052,6067545,Pred FALSE POSITIVE,0.0
1053,6115356,Pred FALSE POSITIVE,
1054,3553900,Pred FALSE POSITIVE,0.969
1055,5027859,Pred FALSE POSITIVE,0.984
1056,5036052,Pred FALSE POSITIVE,
1057,6197658,Pred FALSE POSITIVE,
1058,6198670,Pred FALSE POSITIVE,
1059,3646449,Pred FALSE POSITIVE,0.979
1060,3647097,Pred FALSE POSITIVE,
1061,3748239,Pred FALSE POSITIVE,
1062,3751118,Pred FALSE POSITIVE,
1063,5094412,Pred FALSE POSITIVE,0.0
1064,5110453,Pred FALSE POSITIVE,
1065,5166811,Pred FALSE POSITIVE,
1066,6203955,Pred FALSE POSITIVE,0.954
1067,6266866,Pred FALSE POSITIVE,
1068,3229150,Pred FALSE POSITIVE,0.997
1069,11360805,Pred CONFIRMED,0.852
1070,3757521,Pred FALSE POSITIVE,
1071,3758499,Pred CONFIRMED,0.975
1072,3834728,Pred FALSE POSITIVE,
1073,5181299,Pred FALSE POSITIVE,
1074,5184144,Pred FALSE POSITIVE,
1075,6309307,Pred FALSE POSITIVE,
1076,3863877,Pred FALSE POSITIVE,
1077,5255259,Pred CONFIRMED,
1078,6346894,Pred FALSE POSITIVE,
1079,6347890,Pred FALSE POSITIVE,
1080,6350031,Pred FALSE POSITIVE,0.059
1081,6359881,Pred FALSE POSITIVE,
1082,6359929,Pred FALSE POSITIVE,
1083,3865815,Pred FALSE POSITIVE,
1084,3955444,Pred FALSE POSITIVE,
1085,9274092,Pred FALSE POSITIVE,
1086,9282853,Pred FALSE POSITIVE,0.643
1087,9292100,Pred CONFIRMED,
1088,9300066,Pred FALSE POSITIVE,
1089,10186761,Pred FALSE POSITIVE,
1090,10191449,Pred FALSE POSITIVE,
1091,10199984,Pred FALSE POSITIVE,
1092,7625138,Pred FALSE POSITIVE,
1093,8507586,Pred FALSE POSITIVE,
1094,8525101,Pred FALSE POSITIVE,
1095,8525286,Pred FALSE POSITIVE,
1096,9304976,Pred CONFIRMED,0.088
1097,9330740,Pred FALSE POSITIVE,
1098,9334027,Pred FALSE POSITIVE,
1099,9363944,Pred FALSE POSITIVE,
1100,10272858,Pred FALSE POSITIVE,
1101,10319834,Pred FALSE POSITIVE,
1102,10339000,Pred FALSE POSITIVE,
1103,7625143,Pred FALSE POSITIVE,
1104,7631138,Pred FALSE POSITIVE,
1105,7662502,Pred FALSE POSITIVE,0.492
1106,7672215,Pred FALSE POSITIVE,0.903
1107,7690782,Pred FALSE POSITIVE,
1108,8547213,Pred FALSE POSITIVE,
1109,8547537,Pred FALSE POSITIVE,
1110,8548454,Pred FALSE POSITIVE,
1111,9391817,Pred CONFIRMED,0.965
1112,9394953,Pred FALSE POSITIVE,
1113,9397862,Pred FALSE POSITIVE,
1114,10387792,Pred FALSE POSITIVE,
1115,10394802,Pred CONFIRMED,0.803
1116,10453009,Pred FALSE POSITIVE,
1117,10459749,Pred FALSE POSITIVE,
1118,7747091,Pred FALSE POSITIVE,0.997
1119,7757620,Pred FALSE POSITIVE,
1120,8570210,Pred FALSE POSITIVE,
1121,8571421,Pred FALSE POSITIVE,
1122,8574794,Pred FALSE POSITIVE,
1123,8613769,Pred FALSE POSITIVE,
1124,9417931,Pred FALSE POSITIVE,
1125,9456887,Pred FALSE POSITIVE,0.884
1126,10470779,Pred FALSE POSITIVE,0.0
1127,10487228,Pred FALSE POSITIVE,
1128,10519727,Pred FALSE POSITIVE,
1129,10525077,Pred FALSE POSITIVE,0.989
1130,10535708,Pred FALSE POSITIVE,
1131,7762153,Pred FALSE POSITIVE,
1132,7767781,Pred FALSE POSITIVE,
1133,7770901,Pred CONFIRMED,0.99
1134,8644545,Pred FALSE POSITIVE,0.907
1135,8644911,Pred CONFIRMED,0.994
1136,8652997,Pred FALSE POSITIVE,
1137,8656535,Pred FALSE POSITIVE,
1138,9466486,Pred FALSE POSITIVE,
1139,9472328,Pred FALSE POSITIVE,
1140,9472341,Pred FALSE POSITIVE,
1141,9475697,Pred FALSE POSITIVE,
1142,9481235,Pred FALSE POSITIVE,
1143,10552151,Pred FALSE POSITIVE,0.0
1144,10552263,Pred FALSE POSITIVE,
1145,10554421,Pred FALSE POSITIVE,
1146,10581308,Pred FALSE POSITIVE,
1147,7812990,Pred FALSE POSITIVE,
1148,7829836,Pred FALSE POSITIVE,0.562
1149,7830953,Pred FALSE POSITIVE,
1150,7836096,Pred FALSE POSITIVE,0.995
1151,7881464,Pred FALSE POSITIVE,
1152,8715589,Pred FALSE POSITIVE,0.654
1154,9532603,Pred FALSE POSITIVE,0.886
1155,9534832,Pred FALSE POSITIVE,
1156,9536727,Pred FALSE POSITIVE,
1157,9575728,Pred CONFIRMED,0.994
1158,10802364,Pred FALSE POSITIVE,
1159,10809888,Pred FALSE POSITIVE,
1161,10850327,Pred FALSE POSITIVE,0.94
1162,10855545,Pred FALSE POSITIVE,0.089
1163,10858504,Pred FALSE POSITIVE,
1164,7888863,Pred FALSE POSITIVE,0.716
1165,7917068,Pred FALSE POSITIVE,
1166,8747910,Pred FALSE POSITIVE,
1167,8807988,Pred FALSE POSITIVE,
1168,8814872,Pred FALSE POSITIVE,
1169,9579606,Pred FALSE POSITIVE,
1170,9596820,Pred FALSE POSITIVE,
1171,10601163,Pred FALSE POSITIVE,
1172,10618044,Pred FALSE POSITIVE,
1173,10656842,Pred FALSE POSITIVE,
1174,10658177,Pred CONFIRMED,0.95
1175,10663976,Pred FALSE POSITIVE,
1176,7950158,Pred FALSE POSITIVE,
1177,8841297,Pred FALSE POSITIVE,
1178,8868481,Pred FALSE POSITIVE,
1179,8888745,Pred FALSE POSITIVE,
1180,8890417,Pred FALSE POSITIVE,
1181,9659022,Pred FALSE POSITIVE,
1182,9674789,Pred FALSE POSITIVE,
1183,9723746,Pred FALSE POSITIVE,
1184,10678912,Pred FALSE POSITIVE,
1185,10685764,Pred FALSE POSITIVE,
1186,10737437,Pred FALSE POSITIVE,
1187,10747162,Pred FALSE POSITIVE,
1188,7979297,Pred FALSE POSITIVE,
1189,8005002,Pred FALSE POSITIVE,
1190,8007174,Pred CONFIRMED,0.99
1191,8009811,Pred FALSE POSITIVE,0.944
1192,8016650,Pred FALSE POSITIVE,
1193,8915379,Pred FALSE POSITIVE,
1194,8937555,Pred FALSE POSITIVE,
1195,8946267,Pred FALSE POSITIVE,
1196,9776907,Pred FALSE POSITIVE,
1197,9832379,Pred FALSE POSITIVE,
1198,10865043,Pred FALSE POSITIVE,
1199,10878117,Pred FALSE POSITIVE,
1200,10879899,Pred FALSE POSITIVE,
1201,10933306,Pred FALSE POSITIVE,0.995
1202,8040308,Pred FALSE POSITIVE,
1203,8040457,Pred FALSE POSITIVE,
1204,8044083,Pred FALSE POSITIVE,
1205,8959240,Pred FALSE POSITIVE,
1206,8971044,Pred FALSE POSITIVE,
1207,9011877,Pred FALSE POSITIVE,0.996
1208,9838582,Pred FALSE POSITIVE,
1209,9839030,Pred FALSE POSITIVE,0.44
1210,7018210,Pred FALSE POSITIVE,
1211,8076215,Pred FALSE POSITIVE,
1212,8094942,Pred FALSE POSITIVE,
1213,8099517,Pred FALSE POSITIVE,
1215,9012244,Pred FALSE POSITIVE,
1216,9018021,Pred FALSE POSITIVE,0.992
1217,9026007,Pred FALSE POSITIVE,0.313
1218,9026248,Pred FALSE POSITIVE,
1219,9044060,Pred FALSE POSITIVE,
1220,9047416,Pred CONFIRMED,0.999
1221,9851638,Pred FALSE POSITIVE,
1222,9881660,Pred FALSE POSITIVE,
1223,9910043,Pred FALSE POSITIVE,0.992
1224,7101726,Pred FALSE POSITIVE,
1225,7125794,Pred FALSE POSITIVE,
1226,7130612,Pred FALSE POSITIVE,
1227,8125917,Pred CONFIRMED,
1228,8129333,Pred FALSE POSITIVE,
1230,8197176,Pred FALSE POSITIVE,0.275
1232,9073549,Pred FALSE POSITIVE,
1233,9079671,Pred FALSE POSITIVE,
1234,9079767,Pred FALSE POSITIVE,
1235,9087853,Pred FALSE POSITIVE,
1236,9097470,Pred FALSE POSITIVE,
1237,9935983,Pred FALSE POSITIVE,0.56
1238,9941136,Pred FALSE POSITIVE,
1239,9942658,Pred FALSE POSITIVE,
1240,7132462,Pred FALSE POSITIVE,
1241,7186436,Pred FALSE POSITIVE,
1242,7191523,Pred FALSE POSITIVE,
1243,8223445,Pred FALSE POSITIVE,
1244,9114614,Pred FALSE POSITIVE,
1245,9116510,Pred FALSE POSITIVE,
1246,9953491,Pred FALSE POSITIVE,
1247,9962595,Pred FALSE POSITIVE,0.0
1248,9968924,Pred FALSE POSITIVE,
1249,9993683,Pred CONFIRMED,0.989
1250,7198587,Pred FALSE POSITIVE,
1251,7204233,Pred FALSE POSITIVE,0.048
1252,7205717,Pred FALSE POSITIVE,
1253,7206422,Pred FALSE POSITIVE,
1254,7213311,Pred FALSE POSITIVE,0.176
1255,8279146,Pred FALSE POSITIVE,
1256,8294683,Pred FALSE POSITIVE,
1257,8295087,Pred FALSE POSITIVE,
1258,8307489,Pred FALSE POSITIVE,
1259,9147012,Pred FALSE POSITIVE,0.789
1260,9147029,Pred FALSE POSITIVE,
1261,9157030,Pred FALSE POSITIVE,0.874
1262,9157523,Pred FALSE POSITIVE,
1263,9994381,Pred FALSE POSITIVE,
1264,10007916,Pred FALSE POSITIVE,
1265,7282470,Pred FALSE POSITIVE,
1266,7289139,Pred FALSE POSITIVE,
1267,8352009,Pred FALSE POSITIVE,
1268,8378278,Pred FALSE POSITIVE,
1269,9166700,Pred CONFIRMED,0.928
1270,9173014,Pred FALSE POSITIVE,
1271,9178894,Pred CONFIRMED,
1272,10027861,Pred FALSE POSITIVE,
1273,10064591,Pred FALSE POSITIVE,
1274,10083325,Pred FALSE POSITIVE,0.986
1276,10098540,Pred FALSE POSITIVE,
1278,7383840,Pred FALSE POSITIVE,
1279,7416016,Pred FALSE POSITIVE,
1280,7416306,Pred FALSE POSITIVE,0.086
1281,7416646,Pred FALSE POSITIVE,
1282,7440715,Pred FALSE POSITIVE,
1283,8395870,Pred FALSE POSITIVE,
1285,8415353,Pred FALSE POSITIVE,
1287,8432249,Pred FALSE POSITIVE,
1288,8439618,Pred FALSE POSITIVE,0.0
1289,9209981,Pred FALSE POSITIVE,
1290,9210738,Pred FALSE POSITIVE,
1291,9214176,Pred FALSE POSITIVE,
1292,9217583,Pred FALSE POSITIVE,
1293,9220614,Pred FALSE POSITIVE,
1294,9224514,Pred FALSE POSITIVE,
1295,9229807,Pred FALSE POSITIVE,
1296,10146103,Pred FALSE POSITIVE,0.899
1297,7458743,Pred FALSE POSITIVE,
1298,7539277,Pred FALSE POSITIVE,
1299,11444772,Pred FALSE POSITIVE,
1300,11444974,Pred FALSE POSITIVE,
1301,11446961,Pred FALSE POSITIVE,
1302,11453930,Pred FALSE POSITIVE,
1303,11456256,Pred FALSE POSITIVE,0.925
1304,11457664,Pred FALSE POSITIVE,
1305,11465658,Pred FALSE POSITIVE,
1306,11493378,Pred FALSE POSITIVE,
1307,11513366,Pred FALSE POSITIVE,
1309,11520465,Pred FALSE POSITIVE,
1310,11559493,Pred FALSE POSITIVE,
1311,11598638,Pred FALSE POSITIVE,
1312,11598894,Pred FALSE POSITIVE,
1313,11599937,Pred CONFIRMED,0.024
1314,11600299,Pred FALSE POSITIVE,
1315,11601425,Pred FALSE POSITIVE,0.799
1316,11601633,Pred FALSE POSITIVE,
1317,11601972,Pred FALSE POSITIVE,0.185
1318,11614808,Pred FALSE POSITIVE,
1319,11615258,Pred FALSE POSITIVE,0.0
1320,11615521,Pred FALSE POSITIVE,
1321,11616434,Pred FALSE POSITIVE,
1322,11651240,Pred FALSE POSITIVE,
1323,11652427,Pred FALSE POSITIVE,
1324,11674709,Pred FALSE POSITIVE,0.467
1325,11716643,Pred FALSE POSITIVE,0.939
1326,11722217,Pred FALSE POSITIVE,
1327,11773174,Pred FALSE POSITIVE,
1328,11803074,Pred FALSE POSITIVE,0.902
1329,11807906,Pred FALSE POSITIVE,
1330,11811382,Pred FALSE POSITIVE,
1331,11818566,Pred FALSE POSITIVE,
1332,11819396,Pred FALSE POSITIVE,
1333,11824578,Pred FALSE POSITIVE,
1334,11860294,Pred FALSE POSITIVE,
1335,11868941,Pred FALSE POSITIVE,
1336,11905398,Pred CONFIRMED,0.383
1337,11910670,Pred FALSE POSITIVE,
1338,11911929,Pred FALSE POSITIVE,
1339,11923213,Pred FALSE POSITIVE,0.4
1340,11959893,Pred FALSE POSITIVE,
1341,11966643,Pred FALSE POSITIVE,
1342,12007270,Pred FALSE POSITIVE,
1343,12009917,Pred FALSE POSITIVE,
1344,12020376,Pred FALSE POSITIVE,
1345,12066767,Pred FALSE POSITIVE,
1346,12071775,Pred FALSE POSITIVE,
1347,12102775,Pred FALSE POSITIVE,
1348,12105086,Pred FALSE POSITIVE,
1349,12110901,Pred FALSE POSITIVE,
1350,12121701,Pred FALSE POSITIVE,
1351,12168895,Pred FALSE POSITIVE,
1352,12170767,Pred FALSE POSITIVE,
1353,12253490,Pred FALSE POSITIVE,0.0
1354,12300524,Pred FALSE POSITIVE,0.832
1355,12349560,Pred FALSE POSITIVE,0.37
1356,12350136,Pred FALSE POSITIVE,
1358,10977671,Pred CONFIRMED,0.433
1359,10978581,Pred FALSE POSITIVE,
1360,10979952,Pred FALSE POSITIVE,
1361,10989620,Pred FALSE POSITIVE,
1362,10991389,Pred FALSE POSITIVE,
1363,12401859,Pred FALSE POSITIVE,
1364,12402588,Pred FALSE POSITIVE,
1365,12418418,Pred FALSE POSITIVE,
1366,12505590,Pred FALSE POSITIVE,
1367,12506986,Pred FALSE POSITIVE,
1368,10991431,Pred FALSE POSITIVE,
1369,11021266,Pred FALSE POSITIVE,
1370,11021676,Pred FALSE POSITIVE,
1371,11026582,Pred CONFIRMED,0.982
1372,11036168,Pred FALSE POSITIVE,0.858
1373,11046723,Pred FALSE POSITIVE,
1374,12554212,Pred FALSE POSITIVE,0.993
1375,12690465,Pred FALSE POSITIVE,
1376,12734110,Pred FALSE POSITIVE,
1377,12735793,Pred FALSE POSITIVE,
1378,11069681,Pred FALSE POSITIVE,
1379,11072982,Pred FALSE POSITIVE,
1380,11080702,Pred CONFIRMED,
1381,11082795,Pred FALSE POSITIVE,
1382,11090926,Pred FALSE POSITIVE,
1383,11097752,Pred FALSE POSITIVE,
1384,11098704,Pred FALSE POSITIVE,
1385,11100170,Pred CONFIRMED,
1386,11129145,Pred FALSE POSITIVE,
1387,11145391,Pred FALSE POSITIVE,
1388,11145637,Pred FALSE POSITIVE,
1389,11147785,Pred FALSE POSITIVE,
1390,11152511,Pred CONFIRMED,0.534
1391,11182213,Pred FALSE POSITIVE,
1392,11183752,Pred FALSE POSITIVE,
1393,11191364,Pred FALSE POSITIVE,
1394,11198419,Pred FALSE POSITIVE,
1395,11251991,Pred FALSE POSITIVE,
1396,11298442,Pred FALSE POSITIVE,
1397,11305417,Pred FALSE POSITIVE,
1398,11340218,Pred FALSE POSITIVE,
1399,11341266,Pred FALSE POSITIVE,
1400,11348610,Pred FALSE POSITIVE,
1401,11351454,Pred FALSE POSITIVE,
1402,11355925,Pred FALSE POSITIVE,
1403,11391512,Pred FALSE POSITIVE,
1404,11393248,Pred FALSE POSITIVE,
1405,11393633,Pred FALSE POSITIVE,
1406,11407847,Pred CONFIRMED,0.949
1407,11414368,Pred FALSE POSITIVE,
1408,8355178,Pred FALSE POSITIVE,
1409,8374077,Pred CONFIRMED,0.979
1410,8494783,Pred FALSE POSITIVE,
1411,8494783,Pred FALSE POSITIVE,
1412,8590149,Pred FALSE POSITIVE,0.56
1413,8590149,Pred FALSE POSITIVE,
1414,3559935,Pred FALSE POSITIVE,
1415,3559860,Pred FALSE POSITIVE,0.094
1416,5384713,Pred FALSE POSITIVE,0.0
1417,6364582,Pred FALSE POSITIVE,
1418,5471158,Pred FALSE POSITIVE,
1419,10407086,Pred FALSE POSITIVE,
1420,9947653,Pred CONFIRMED,0.972
1421,6527078,Pred FALSE POSITIVE,0.969
1422,12416597,Pred FALSE POSITIVE,
1423,2019477,Pred CONFIRMED,0.479
1424,8158127,Pred CONFIRMED,0.705
1425,2852810,Pred FALSE POSITIVE,
1426,2852810,Pred FALSE POSITIVE,
1427,2852810,Pred FALSE POSITIVE,
1428,8822421,Pred FALSE POSITIVE,0.0
1429,4472818,Pred FALSE POSITIVE,0.999
1430,8934103,Pred FALSE POSITIVE,0.93
1431,9551430,Pred FALSE POSITIVE,
1432,3532985,Pred FALSE POSITIVE,0.049
1433,10718726,Pred FALSE POSITIVE,
1434,2852810,Pred FALSE POSITIVE,
1435,3229028,Pred FALSE POSITIVE,
1436,5956656,Pred CONFIRMED,0.908
1437,9093086,Pred FALSE POSITIVE,0.69
1438,9015738,Pred FALSE POSITIVE,
1439,7954278,Pred FALSE POSITIVE,0.999
1440,9093086,Pred FALSE POSITIVE,0.737
1441,9145861,Pred FALSE POSITIVE,0.954
1442,9153823,Pred CONFIRMED,0.0
1443,10089911,Pred FALSE POSITIVE,0.216
1444,3747817,Pred FALSE POSITIVE,0.868
1445,8162789,Pred FALSE POSITIVE,0.978
1446,5613330,Pred FALSE POSITIVE,0.616
1447,3545840,Pred FALSE POSITIVE,
1448,3634051,Pred FALSE POSITIVE,0.755
1449,6975129,Pred CONFIRMED,0.0
1450,9389245,Pred FALSE POSITIVE,
1451,9828127,Pred FALSE POSITIVE,0.995
1452,5177859,Pred FALSE POSITIVE,0.98
1454,8110757,Pred FALSE POSITIVE,0.975
1455,3645438,Pred FALSE POSITIVE,0.946
1456,8278685,Pred FALSE POSITIVE,
1457,5511659,Pred FALSE POSITIVE,0.629
1458,4139254,Pred FALSE POSITIVE,
1459,10141900,Pred CONFIRMED,0.8
1460,4255944,Pred FALSE POSITIVE,
1462,5856571,Pred CONFIRMED,0.985
1463,8222395,Pred FALSE POSITIVE,0.965
1464,8107150,Pred CONFIRMED,0.691
1465,4464394,Pred FALSE POSITIVE,
1466,4739229,Pred FALSE POSITIVE,
1467,4739229,Pred CONFIRMED,
1468,8620565,Pred FALSE POSITIVE,
1469,4742420,Pred FALSE POSITIVE,0.997
1470,9655711,Pred FALSE POSITIVE,0.612
1471,9727765,Pred FALSE POSITIVE,
1472,9974142,Pred FALSE POSITIVE,
1473,9008103,Pred FALSE POSITIVE,
1474,11296045,Pred FALSE POSITIVE,
1475,5769810,Pred FALSE POSITIVE,0.301
1476,4742420,Pred FALSE POSITIVE,
1477,5306984,Pred FALSE POSITIVE,
1478,10198662,Pred FALSE POSITIVE,
1479,10198662,Pred FALSE POSITIVE,
1480,4157325,Pred CONFIRMED,0.085
1481,10200627,Pred CONFIRMED,0.956
1482,8332521,Pred CONFIRMED,0.994
1483,8242769,Pred FALSE POSITIVE,0.826
1484,10964440,Pred CONFIRMED,0.913
1485,5428657,Pred CONFIRMED,0.999
1486,5629353,Pred CONFIRMED,0.996
1487,10414727,Pred FALSE POSITIVE,
1488,4736569,Pred FALSE POSITIVE,0.95
1489,10662202,Pred FALSE POSITIVE,0.929
1490,9008103,Pred CONFIRMED,0.989
1491,5629353,Pred CONFIRMED,0.998
1492,4078157,Pred FALSE POSITIVE,
1494,11968463,Pred CONFIRMED,
1495,11968463,Pred FALSE POSITIVE,0.0
1496,11074835,Pred FALSE POSITIVE,
1497,5792202,Pred FALSE POSITIVE,0.0
1498,6032730,Pred FALSE POSITIVE,
1499,6116172,Pred FALSE POSITIVE,
1500,6116172,Pred FALSE POSITIVE,
1501,6116172,Pred FALSE POSITIVE,
1502,11296437,Pred FALSE POSITIVE,
1503,11341164,Pred FALSE POSITIVE,
1504,11462969,Pred FALSE POSITIVE,
1505,11462969,Pred FALSE POSITIVE,
1506,5792202,Pred FALSE POSITIVE,0.0
1507,6221385,Pred FALSE POSITIVE,0.802
1508,11656928,Pred FALSE POSITIVE,
1509,11566064,Pred CONFIRMED,0.975
1510,11656928,Pred FALSE POSITIVE,
1511,11656928,Pred FALSE POSITIVE,
1513,6946681,Pred FALSE POSITIVE,
1514,6946708,Pred FALSE POSITIVE,
1515,11775507,Pred FALSE POSITIVE,
1516,11775507,Pred FALSE POSITIVE,
1518,6768394,Pred FALSE POSITIVE,
1519,10545066,Pred CONFIRMED,
1520,7663405,Pred FALSE POSITIVE,0.742
1521,11358389,Pred FALSE POSITIVE,0.791
1522,5706595,Pred FALSE POSITIVE,0.404
1523,12885212,Pred FALSE POSITIVE,0.638
1524,3548044,Pred FALSE POSITIVE,0.496
1525,8168187,Pred CONFIRMED,0.901
1526,9605514,Pred FALSE POSITIVE,0.137
1527,9418619,Pred FALSE POSITIVE,0.0
1528,7835312,Pred FALSE POSITIVE,0.959
1529,9221517,Pred FALSE POSITIVE,
1530,11623629,Pred FALSE POSITIVE,
1531,10730703,Pred FALSE POSITIVE,
1532,7289317,Pred FALSE POSITIVE,0.982
1534,1432789,Pred FALSE POSITIVE,0.961
1535,12266636,Pred FALSE POSITIVE,0.958
1536,7974634,Pred FALSE POSITIVE,
1537,8182107,Pred FALSE POSITIVE,0.982
1538,7974634,Pred FALSE POSITIVE,
1539,8163784,Pred FALSE POSITIVE,
1540,2305866,Pred FALSE POSITIVE,0.441
1541,5184911,Pred FALSE POSITIVE,0.99
1542,6436029,Pred FALSE POSITIVE,0.767
1543,7767162,Pred FALSE POSITIVE,
1544,9478990,Pred FALSE POSITIVE,
1545,10793172,Pred FALSE POSITIVE,
1546,11404644,Pred FALSE POSITIVE,0.019
1547,8165617,Pred FALSE POSITIVE,
1548,8223568,Pred FALSE POSITIVE,
1549,8223568,Pred FALSE POSITIVE,
1550,8355178,Pred FALSE POSITIVE,0.989
1551,4770174,Pred CONFIRMED,0.999
1552,9838804,Pred FALSE POSITIVE,
1553,9020114,Pred FALSE POSITIVE,
1555,9966219,Pred FALSE POSITIVE,
1556,11974540,Pred FALSE POSITIVE,
1557,7219825,Pred FALSE POSITIVE,0.784
1558,9958962,Pred FALSE POSITIVE,0.744
1559,1718189,Pred FALSE POSITIVE,0.149
1560,8263187,Pred FALSE POSITIVE,0.175
1561,2019477,Pred FALSE POSITIVE,0.283
1562,9518710,Pred FALSE POSITIVE,0.0
1563,7289338,Pred FALSE POSITIVE,0.966
1564,8218379,Pred FALSE POSITIVE,0.847
1565,5706592,Pred FALSE POSITIVE,
1566,8364232,Pred FALSE POSITIVE,0.529
1567,6670742,Pred FALSE POSITIVE,
1568,6697976,Pred FALSE POSITIVE,
1569,7592529,Pred FALSE POSITIVE,
1570,7592922,Pred FALSE POSITIVE,0.952
1571,7602351,Pred FALSE POSITIVE,0.786
1573,9301564,Pred CONFIRMED,0.55
1574,10089123,Pred FALSE POSITIVE,
1575,8555967,Pred FALSE POSITIVE,0.837
1577,3547760,Pred FALSE POSITIVE,
1578,11290515,Pred FALSE POSITIVE,
1579,8216763,Pred FALSE POSITIVE,0.804
1580,6767227,Pred FALSE POSITIVE,
1582,3936061,Pred FALSE POSITIVE,
1583,3972432,Pred FALSE POSITIVE,0.999
1584,5860347,Pred FALSE POSITIVE,0.831
1585,6715997,Pred FALSE POSITIVE,
1586,6763884,Pred FALSE POSITIVE,0.971
1587,6768616,Pred FALSE POSITIVE,0.955
1588,8394475,Pred FALSE POSITIVE,0.914
1589,9340411,Pred CONFIRMED,0.979
1590,10163067,Pred FALSE POSITIVE,0.983
1592,11244571,Pred FALSE POSITIVE,0.851
1594,11286311,Pred FALSE POSITIVE,0.635
1595,8043638,Pred FALSE POSITIVE,
1596,11176166,Pred CONFIRMED,0.036
1597,1293379,Pred FALSE POSITIVE,
1598,4076061,Pred FALSE POSITIVE,
1599,5951140,Pred FALSE POSITIVE,
1600,5966732,Pred FALSE POSITIVE,0.965
1601,6842345,Pred FALSE POSITIVE,0.946
1602,6853172,Pred FALSE POSITIVE,0.979
1603,6859546,Pred FALSE POSITIVE,0.718
1604,7687365,Pred FALSE POSITIVE,
1605,7700500,Pred FALSE POSITIVE,0.909
1606,8442795,Pred FALSE POSITIVE,
1607,8443812,Pred FALSE POSITIVE,0.888
1608,9397900,Pred FALSE POSITIVE,0.729
1609,9458266,Pred FALSE POSITIVE,0.801
1610,10264293,Pred FALSE POSITIVE,0.397
1611,10290021,Pred FALSE POSITIVE,
1612,11288492,Pred FALSE POSITIVE,0.986
1614,11296724,Pred FALSE POSITIVE,0.668
1615,1871483,Pred FALSE POSITIVE,
1616,2161949,Pred FALSE POSITIVE,0.813
1617,2161949,Pred FALSE POSITIVE,0.967
1618,5083138,Pred FALSE POSITIVE,
1619,5087223,Pred FALSE POSITIVE,
1620,5092799,Pred FALSE POSITIVE,
1621,5092799,Pred FALSE POSITIVE,
1623,6864706,Pred FALSE POSITIVE,
1624,6867219,Pred FALSE POSITIVE,0.866
1625,6878408,Pred FALSE POSITIVE,0.556
1626,7755741,Pred FALSE POSITIVE,
1627,9480398,Pred FALSE POSITIVE,
1628,9490342,Pred FALSE POSITIVE,
1629,9513168,Pred FALSE POSITIVE,0.986
1630,12116489,Pred FALSE POSITIVE,
1631,11411639,Pred FALSE POSITIVE,0.948
1632,2283362,Pred FALSE POSITIVE,
1633,2301068,Pred FALSE POSITIVE,0.994
1635,4274071,Pred FALSE POSITIVE,0.827
1636,4282390,Pred FALSE POSITIVE,0.998
1637,5115688,Pred FALSE POSITIVE,
1638,6045093,Pred FALSE POSITIVE,
1639,6057750,Pred FALSE POSITIVE,0.184
1640,8391983,Pred FALSE POSITIVE,0.118
1641,6947623,Pred FALSE POSITIVE,0.972
1642,7811211,Pred FALSE POSITIVE,
1643,7812893,Pred FALSE POSITIVE,0.409
1644,7816935,Pred FALSE POSITIVE,0.954
1645,7868967,Pred FALSE POSITIVE,
1646,8489260,Pred FALSE POSITIVE,0.386
1647,10388451,Pred FALSE POSITIVE,
1649,11495989,Pred FALSE POSITIVE,
1650,11551652,Pred FALSE POSITIVE,
1651,2449245,Pred FALSE POSITIVE,0.997
1652,2557350,Pred FALSE POSITIVE,0.96
1653,4372620,Pred CONFIRMED,
1655,6111011,Pred FALSE POSITIVE,0.212
1656,6128245,Pred FALSE POSITIVE,0.955
1657,6956176,Pred FALSE POSITIVE,0.996
1658,7902204,Pred FALSE POSITIVE,0.972
1659,8566113,Pred FALSE POSITIVE,
1660,9588862,Pred FALSE POSITIVE,
1662,9596892,Pred FALSE POSITIVE,
1663,10450504,Pred FALSE POSITIVE,0.963
1664,10464199,Pred FALSE POSITIVE,
1665,11602794,Pred FALSE POSITIVE,0.925
1666,5193439,Pred FALSE POSITIVE,0.285
1667,5215508,Pred FALSE POSITIVE,
1669,6209225,Pred FALSE POSITIVE,
1672,8624860,Pred FALSE POSITIVE,0.872
1673,8625408,Pred FALSE POSITIVE,0.951
1674,8686442,Pred FALSE POSITIVE,
1675,8693536,Pred FALSE POSITIVE,0.99
1676,9635520,Pred FALSE POSITIVE,0.779
1677,9639106,Pred FALSE POSITIVE,
1678,9640123,Pred FALSE POSITIVE,0.991
1680,11650543,Pred FALSE POSITIVE,
1681,11671646,Pred FALSE POSITIVE,
1682,11672354,Pred FALSE POSITIVE,0.953
1683,2716979,Pred FALSE POSITIVE,
1684,2834463,Pred FALSE POSITIVE,0.794
1685,4567118,Pred FALSE POSITIVE,
1686,5263167,Pred FALSE POSITIVE,0.783
1687,6265961,Pred FALSE POSITIVE,0.913
1688,7103300,Pred FALSE POSITIVE,
1689,8007675,Pred FALSE POSITIVE,0.126
1690,9651602,Pred FALSE POSITIVE,0.971
1691,10586619,Pred FALSE POSITIVE,0.902
1692,11773625,Pred FALSE POSITIVE,0.875
1693,2970670,Pred FALSE POSITIVE,0.894
1694,2994092,Pred FALSE POSITIVE,0.789
1695,8297017,Pred FALSE POSITIVE,0.206
1696,5295206,Pred FALSE POSITIVE,0.989
1697,6307000,Pred FALSE POSITIVE,0.973
1698,6345758,Pred FALSE POSITIVE,0.996
1699,8016692,Pred FALSE POSITIVE,0.721
1700,8042644,Pred FALSE POSITIVE,0.991
1702,8807057,Pred FALSE POSITIVE,0.433
1703,9658089,Pred FALSE POSITIVE,0.996
1704,9674320,Pred FALSE POSITIVE,0.947
1705,9693803,Pred FALSE POSITIVE,
1706,10659624,Pred FALSE POSITIVE,0.582
1707,10665228,Pred FALSE POSITIVE,0.378
1708,11825996,Pred FALSE POSITIVE,
1709,11854636,Pred FALSE POSITIVE,0.235
1710,11904704,Pred FALSE POSITIVE,0.999
1711,6368222,Pred FALSE POSITIVE,
1712,6372268,Pred FALSE POSITIVE,0.0
1713,7135549,Pred FALSE POSITIVE,
1714,8091197,Pred FALSE POSITIVE,0.997
1715,8098960,Pred FALSE POSITIVE,0.98
1716,8815279,Pred FALSE POSITIVE,
1717,8845552,Pred FALSE POSITIVE,
1718,9726452,Pred FALSE POSITIVE,
1719,9790965,Pred FALSE POSITIVE,
1720,9811915,Pred FALSE POSITIVE,0.984
1721,10665749,Pred FALSE POSITIVE,0.965
1722,10670112,Pred FALSE POSITIVE,
1724,5897826,Pred FALSE POSITIVE,0.997
1725,3240158,Pred FALSE POSITIVE,0.949
1726,2837111,Pred FALSE POSITIVE,0.047
1727,3246867,Pred FALSE POSITIVE,
1728,3249334,Pred FALSE POSITIVE,
1729,3324069,Pred FALSE POSITIVE,
1730,4760959,Pred FALSE POSITIVE,
1731,4764969,Pred FALSE POSITIVE,
1732,4830859,Pred FALSE POSITIVE,
1733,5353938,Pred FALSE POSITIVE,0.951
1734,5380812,Pred FALSE POSITIVE,
1735,6423922,Pred FALSE POSITIVE,0.413
1736,6436505,Pred CONFIRMED,0.993
1737,8488381,Pred FALSE POSITIVE,0.532
1738,8115647,Pred FALSE POSITIVE,0.987
1739,8120820,Pred CONFIRMED,0.358
1740,8881169,Pred FALSE POSITIVE,0.981
1741,8953278,Pred FALSE POSITIVE,
1742,9821428,Pred FALSE POSITIVE,
1743,9837013,Pred FALSE POSITIVE,0.933
1744,10751908,Pred FALSE POSITIVE,
1745,10812541,Pred CONFIRMED,0.996
1747,11129738,Pred FALSE POSITIVE,0.891
1748,10028792,Pred FALSE POSITIVE,0.946
1749,4860678,Pred CONFIRMED,0.899
1750,5531953,Pred FALSE POSITIVE,0.999
1751,7765528,Pred FALSE POSITIVE,0.842
1752,5456979,Pred FALSE POSITIVE,0.997
1753,5466109,Pred FALSE POSITIVE,0.786
1754,7217088,Pred CONFIRMED,0.997
1755,8145958,Pred FALSE POSITIVE,0.978
1756,8155654,Pred FALSE POSITIVE,0.943
1757,8167504,Pred FALSE POSITIVE,0.99
1758,8958811,Pred FALSE POSITIVE,0.842
1759,8958939,Pred FALSE POSITIVE,
1760,8958939,Pred FALSE POSITIVE,
1761,10815677,Pred FALSE POSITIVE,0.756
1762,10848097,Pred FALSE POSITIVE,
1763,10866969,Pred FALSE POSITIVE,
1764,12067960,Pred FALSE POSITIVE,0.972
1765,6307083,Pred FALSE POSITIVE,0.939
1766,7620413,Pred FALSE POSITIVE,0.994
1767,11705004,Pred FALSE POSITIVE,0.996
1768,2854181,Pred FALSE POSITIVE,0.999
1769,5978559,Pred FALSE POSITIVE,0.619
1770,8838950,Pred FALSE POSITIVE,0.886
1771,6867555,Pred FALSE POSITIVE,0.996
1773,3346543,Pred FALSE POSITIVE,0.709
1774,3356193,Pred FALSE POSITIVE,0.452
1775,7335514,Pred FALSE POSITIVE,0.997
1776,8180290,Pred FALSE POSITIVE,
1777,9025739,Pred FALSE POSITIVE,0.999
1778,9909965,Pred FALSE POSITIVE,0.791
1779,9932197,Pred FALSE POSITIVE,
1780,10932270,Pred FALSE POSITIVE,
1782,7778767,Pred FALSE POSITIVE,0.763
1783,9026749,Pred FALSE POSITIVE,0.913
1784,10916600,Pred FALSE POSITIVE,0.993
1785,6198182,Pred FALSE POSITIVE,
1786,5695396,Pred CONFIRMED,
1787,6964929,Pred CONFIRMED,
1788,3545626,Pred FALSE POSITIVE,
1789,3547178,Pred FALSE POSITIVE,0.984
1790,3548622,Pred FALSE POSITIVE,0.0
1792,8308516,Pred FALSE POSITIVE,0.113
1793,5552808,Pred FALSE POSITIVE,
1794,5564082,Pred FALSE POSITIVE,
1795,6551106,Pred FALSE POSITIVE,0.998
1796,6584278,Pred FALSE POSITIVE,0.889
1797,6590726,Pred FALSE POSITIVE,
1798,7345335,Pred FALSE POSITIVE,
1799,8227086,Pred FALSE POSITIVE,0.945
1800,8227464,Pred CONFIRMED,0.994
1801,9085039,Pred FALSE POSITIVE,
1802,9099773,Pred FALSE POSITIVE,0.742
1803,9943009,Pred FALSE POSITIVE,0.934
1804,9944201,Pred FALSE POSITIVE,0.705
1805,9959093,Pred FALSE POSITIVE,0.274
1806,11019739,Pred FALSE POSITIVE,0.943
1807,8709688,Pred FALSE POSITIVE,0.935
1808,2716801,Pred FALSE POSITIVE,0.553
1810,11810124,Pred FALSE POSITIVE,0.814
1811,9349757,Pred FALSE POSITIVE,0.997
1812,3219037,Pred FALSE POSITIVE,
1813,9117416,Pred CONFIRMED,0.866
1814,3663494,Pred FALSE POSITIVE,0.88
1815,4995716,Pred FALSE POSITIVE,
1816,5597361,Pred FALSE POSITIVE,0.968
1817,5617510,Pred FALSE POSITIVE,
1818,6603765,Pred FALSE POSITIVE,0.646
1819,7381580,Pred FALSE POSITIVE,
1820,8248103,Pred CONFIRMED,0.78
1821,8256882,Pred FALSE POSITIVE,0.999
1822,8283875,Pred FALSE POSITIVE,0.937
1823,9150870,Pred FALSE POSITIVE,
1824,10002049,Pred FALSE POSITIVE,0.998
1825,10019854,Pred FALSE POSITIVE,0.763
1826,11068630,Pred FALSE POSITIVE,0.91
1828,12454800,Pred FALSE POSITIVE,
1829,12458817,Pred FALSE POSITIVE,
1830,12519942,Pred FALSE POSITIVE,
1831,12555616,Pred FALSE POSITIVE,0.347
1832,7100673,Pred CONFIRMED,0.79
1833,3937814,Pred FALSE POSITIVE,
1834,3937814,Pred FALSE POSITIVE,0.409
1835,4548098,Pred FALSE POSITIVE,0.996
1836,3733638,Pred FALSE POSITIVE,0.968
1838,3748855,Pred FALSE POSITIVE,
1839,3765692,Pred FALSE POSITIVE,0.184
1840,5021432,Pred FALSE POSITIVE,
1841,5633259,Pred FALSE POSITIVE,
1842,5702770,Pred FALSE POSITIVE,0.852
1843,6614748,Pred FALSE POSITIVE,
1845,6664842,Pred FALSE POSITIVE,0.788
1846,6665064,Pred FALSE POSITIVE,0.267
1850,7537660,Pred FALSE POSITIVE,
1853,10053138,Pred FALSE POSITIVE,0.769
1854,10066755,Pred FALSE POSITIVE,
1855,10070479,Pred FALSE POSITIVE,
1856,7119481,Pred FALSE POSITIVE,0.7
1857,11182260,Pred FALSE POSITIVE,0.0
1858,11187972,Pred FALSE POSITIVE,0.354
1859,8773015,Pred FALSE POSITIVE,0.978
1860,9883606,Pred FALSE POSITIVE,0.883
1861,9836563,Pred FALSE POSITIVE,0.967
1862,6508221,Pred FALSE POSITIVE,
1863,9100953,Pred FALSE POSITIVE,0.978
1864,10079420,Pred FALSE POSITIVE,
1865,11559304,Pred FALSE POSITIVE,
1867,5003670,Pred FALSE POSITIVE,0.989
1868,8973285,Pred FALSE POSITIVE,0.805
1869,2861126,Pred FALSE POSITIVE,0.997
1870,8105398,Pred FALSE POSITIVE,0.981
1871,4758350,Pred FALSE POSITIVE,
1872,4862625,Pred FALSE POSITIVE,0.0
1873,3965201,Pred FALSE POSITIVE,
1874,4862924,Pred FALSE POSITIVE,
1875,5271090,Pred FALSE POSITIVE,
1876,5444276,Pred FALSE POSITIVE,
1877,5878506,Pred FALSE POSITIVE,
1878,6443274,Pred FALSE POSITIVE,
1879,5602588,Pred FALSE POSITIVE,0.968
1880,6876575,Pred FALSE POSITIVE,
1881,8096395,Pred FALSE POSITIVE,0.897
1882,8168509,Pred FALSE POSITIVE,
1883,10397751,Pred FALSE POSITIVE,0.857
1884,8297319,Pred FALSE POSITIVE,
1885,8423344,Pred FALSE POSITIVE,
1886,8444868,Pred FALSE POSITIVE,
1887,8682094,Pred FALSE POSITIVE,
1888,8677057,Pred FALSE POSITIVE,0.967
1889,8702537,Pred FALSE POSITIVE,0.924
1890,9043947,Pred FALSE POSITIVE,0.869
1891,8880317,Pred FALSE POSITIVE,0.324
1892,10253977,Pred FALSE POSITIVE,0.216
1893,10351947,Pred FALSE POSITIVE,0.325
1894,10160922,Pred FALSE POSITIVE,0.789
1895,10198225,Pred CONFIRMED,0.989
1896,10214341,Pred FALSE POSITIVE,0.126
1897,10515564,Pred FALSE POSITIVE,0.266
1898,10321972,Pred FALSE POSITIVE,0.692
1899,10331279,Pred FALSE POSITIVE,0.975
1900,5802205,Pred FALSE POSITIVE,0.381
1901,5858919,Pred FALSE POSITIVE,0.224
1902,10907307,Pred FALSE POSITIVE,0.0
1903,10403228,Pred FALSE POSITIVE,0.804
1905,5955197,Pred FALSE POSITIVE,0.223
1906,6114140,Pred FALSE POSITIVE,0.0
1907,11338091,Pred FALSE POSITIVE,0.092
1908,11446424,Pred FALSE POSITIVE,0.522
1909,10452252,Pred FALSE POSITIVE,0.989
1910,6507334,Pred FALSE POSITIVE,0.731
1911,11872364,Pred FALSE POSITIVE,0.492
1912,12554485,Pred FALSE POSITIVE,0.444
1913,10536241,Pred FALSE POSITIVE,0.918
1914,10790401,Pred FALSE POSITIVE,0.371
1915,12647757,Pred FALSE POSITIVE,0.251
1916,3629119,Pred FALSE POSITIVE,0.175
1917,4446859,Pred FALSE POSITIVE,0.228
1918,9084569,Pred FALSE POSITIVE,0.75
1919,9087580,Pred FALSE POSITIVE,0.981
1920,9099607,Pred FALSE POSITIVE,0.953
1921,10844823,Pred FALSE POSITIVE,0.323
1922,10862759,Pred FALSE POSITIVE,0.846
1924,11032748,Pred FALSE POSITIVE,0.798
1925,4572728,Pred FALSE POSITIVE,0.363
1926,5098334,Pred FALSE POSITIVE,0.067
1928,9210820,Pred FALSE POSITIVE,0.469
1929,9227215,Pred FALSE POSITIVE,0.487
1930,9278575,Pred FALSE POSITIVE,0.23
1931,11139682,Pred FALSE POSITIVE,0.978
1932,11182706,Pred FALSE POSITIVE,0.525
1933,11294822,Pred FALSE POSITIVE,0.513
1934,5683219,Pred FALSE POSITIVE,0.347
1935,5956171,Pred FALSE POSITIVE,0.311
1936,9390228,Pred FALSE POSITIVE,0.943
1937,9469494,Pred FALSE POSITIVE,0.508
1938,9521317,Pred FALSE POSITIVE,0.896
1939,11296205,Pred FALSE POSITIVE,0.334
1940,11350634,Pred FALSE POSITIVE,0.253
1941,11358305,Pred FALSE POSITIVE,0.941
1942,11392362,Pred FALSE POSITIVE,0.997
1943,11443757,Pred CONFIRMED,0.995
1944,8439949,Pred FALSE POSITIVE,0.266
1945,8527297,Pred FALSE POSITIVE,0.638
1946,6356506,Pred FALSE POSITIVE,0.291
1947,11453349,Pred FALSE POSITIVE,0.907
1948,8608544,Pred FALSE POSITIVE,0.573
1949,8708961,Pred FALSE POSITIVE,0.212
1950,7832787,Pred FALSE POSITIVE,0.578
1951,8022520,Pred FALSE POSITIVE,0.12
1952,9604563,Pred FALSE POSITIVE,0.912
1953,9640649,Pred FALSE POSITIVE,0.971
1954,9650579,Pred FALSE POSITIVE,0.335
1955,9650762,Pred FALSE POSITIVE,0.839
1956,11714107,Pred FALSE POSITIVE,0.471
1957,11904835,Pred FALSE POSITIVE,0.998
1958,8329346,Pred FALSE POSITIVE,0.229
1959,8637903,Pred FALSE POSITIVE,0.541
1960,8673511,Pred FALSE POSITIVE,0.449
1961,9011955,Pred FALSE POSITIVE,0.702
1962,9159288,Pred FALSE POSITIVE,0.775
1963,8873873,Pred FALSE POSITIVE,0.665
1964,9592621,Pred FALSE POSITIVE,0.186
1965,12156930,Pred FALSE POSITIVE,0.753
1966,12266099,Pred FALSE POSITIVE,0.34
1968,12602999,Pred FALSE POSITIVE,0.973
1969,9268159,Pred FALSE POSITIVE,0.295
1970,9468848,Pred FALSE POSITIVE,0.502
1971,9873004,Pred FALSE POSITIVE,0.959
1972,9899345,Pred FALSE POSITIVE,0.0
1973,9906688,Pred FALSE POSITIVE,0.975
1974,2284957,Pred FALSE POSITIVE,0.416
1975,3663850,Pred FALSE POSITIVE,0.356
1976,12168280,Pred FALSE POSITIVE,0.141
1977,9938836,Pred FALSE POSITIVE,0.843
1978,10011213,Pred FALSE POSITIVE,0.189
1979,10028127,Pred FALSE POSITIVE,0.519
1980,10128825,Pred FALSE POSITIVE,0.497
1981,10155286,Pred FALSE POSITIVE,0.092
